Gamma,C,STD. DEV,ROC,F1
1.15139539933,0.001,0.378681711899,0.856633805238,0.122011201957
